track_id,source_path,source_duration_sec,clip_start_sec,clip_duration_sec,seed,artist_id,tags,clip_wav,vocal_wav,game_vocal_json,game_mix_json,yourmt3_json,sheetsage2_instrumental_json,sheetsage2_vocal_json,yourmt3_part_jsons,mix_rms,stem_rms,game_vocal_notes,game_mix_notes,yourmt3_notes,sheetsage2_instrumental_notes,sheetsage2_vocal_notes,yourmt3_instruments,review_status,review_hint
72838,vocal-tagged-audio/38/72838.low.mp3,260.853,149.837,30.0,20261008,artist_007320,genre---blues; genre---chanson; genre---pop; instrument---voice; mood/theme---cool,clips/72838.wav,stems/72838.wav,results/game_vocal/72838.json,results/game_mix/72838.json,results/yourmt3/72838.json,results/sheetsage2/72838.instrumental.json,results/sheetsage2/72838.vocal.json,results/yourmt3/parts/72838.p024.0.json; results/yourmt3/parts/72838.p033.1.json; results/yourmt3/parts/72838.p048.2.json; results/yourmt3/parts/72838.p065.3.json,0.145113,0.091221,33,33,642,36,28,Bass:30; Drums:247; Guitar (clean):308; Singing Voice:41; Strings:16,unreviewed,
683804,vocal-tagged-audio/04/683804.low.mp3,211.03,32.576,30.0,20261008,artist_007872,genre---indie; genre---pop; genre---popfolk; instrument---guitar; instrument---voice; mood/theme---ballad,clips/683804.wav,stems/683804.wav,results/game_vocal/683804.json,results/game_mix/683804.json,results/yourmt3/683804.json,results/sheetsage2/683804.instrumental.json,results/sheetsage2/683804.vocal.json,results/yourmt3/parts/683804.p024.0.json; results/yourmt3/parts/683804.p030.1.json; results/yourmt3/parts/683804.p033.2.json; results/yourmt3/parts/683804.p065.3.json,0.168071,0.137921,51,46,277,0,52,Bass:1; Guitar (clean):229; Guitar (distortion):1; Singing Voice:46,unreviewed,
1079158,vocal-tagged-audio/58/1079158.low.mp3,92.455,12.292,30.0,20261008,artist_375104,genre---dance; genre---poprock; instrument---bell; instrument---drums; instrument---electricguitar; instrument---voice; mood/theme---christmas; mood/theme---happy,clips/1079158.wav,stems/1079158.wav,results/game_vocal/1079158.json,results/game_mix/1079158.json,results/yourmt3/1079158.json,results/sheetsage2/1079158.instrumental.json,results/sheetsage2/1079158.vocal.json,results/yourmt3/parts/1079158.p000.0.json; results/yourmt3/parts/1079158.p002.1.json; results/yourmt3/parts/1079158.p008.2.json; results/yourmt3/parts/1079158.p016.3.json; results/yourmt3/parts/1079158.p024.4.json; results/yourmt3/parts/1079158.p033.5.json; results/yourmt3/parts/1079158.p048.6.json; results/yourmt3/parts/1079158.p065.9.json; results/yourmt3/parts/1079158.p080.7.json; results/yourmt3/parts/1079158.p088.8.json,0.144563,2e-06,0,3,469,46,0,Acoustic Piano:48; Bass:36; Chromatic Percussion:16; Drums:146; Electric Piano:107; Guitar (clean):60; Organ:13; Singing Voice:3; Strings:4; Synth Lead:27; Synth Pad:9,unreviewed,quiet_vocal_stem
878931,vocal-tagged-audio/31/878931.low.mp3,520.28,274.778,30.0,20261008,artist_364882,genre---metal; genre---rock; instrument---computer; instrument---electricguitar; instrument---voice; mood/theme---christmas,clips/878931.wav,stems/878931.wav,results/game_vocal/878931.json,results/game_mix/878931.json,results/yourmt3/878931.json,results/sheetsage2/878931.instrumental.json,results/sheetsage2/878931.vocal.json,results/yourmt3/parts/878931.p024.0.json; results/yourmt3/parts/878931.p033.1.json; results/yourmt3/parts/878931.p048.2.json; results/yourmt3/parts/878931.p065.3.json,0.218024,0.089676,76,46,749,65,0,Bass:91; Drums:63; Guitar (clean):260; Singing Voice:94; Strings:241,unreviewed,
1254619,vocal-tagged-audio/19/1254619.low.mp3,233.825,60.147,30.0,20261008,artist_364812,genre---latin; genre---pop; genre---poprock; instrument---voice,clips/1254619.wav,stems/1254619.wav,results/game_vocal/1254619.json,results/game_mix/1254619.json,results/yourmt3/1254619.json,results/sheetsage2/1254619.instrumental.json,results/sheetsage2/1254619.vocal.json,results/yourmt3/parts/1254619.p000.0.json; results/yourmt3/parts/1254619.p002.1.json; results/yourmt3/parts/1254619.p024.2.json; results/yourmt3/parts/1254619.p030.3.json; results/yourmt3/parts/1254619.p033.4.json; results/yourmt3/parts/1254619.p065.5.json,0.159299,0.057394,24,20,772,57,20,Acoustic Piano:80; Bass:38; Drums:195; Electric Piano:14; Guitar (clean):384; Guitar (distortion):4; Singing Voice:57,unreviewed,
1072437,vocal-tagged-audio/37/1072437.low.mp3,401.007,177.709,30.0,20261008,artist_339989,genre---electronic; genre---funk; genre---rock; genre---soul; instrument---bass; instrument---cello; instrument---computer; instrument---drummachine; instrument---drums; instrument---electricguitar; instrument---electricpiano; instrument---keyboard; instrument---sampler; instrument---synthesizer; instrument---viola; instrument---violin; instrument---voice; mood/theme---energetic,clips/1072437.wav,stems/1072437.wav,results/game_vocal/1072437.json,results/game_mix/1072437.json,results/yourmt3/1072437.json,results/sheetsage2/1072437.instrumental.json,results/sheetsage2/1072437.vocal.json,results/yourmt3/parts/1072437.p000.0.json; results/yourmt3/parts/1072437.p024.1.json; results/yourmt3/parts/1072437.p030.2.json; results/yourmt3/parts/1072437.p048.3.json; results/yourmt3/parts/1072437.p065.4.json,0.110375,0.010912,3,24,310,40,0,Acoustic Piano:34; Drums:109; Guitar (clean):1; Guitar (distortion):17; Singing Voice:13; Strings:136,unreviewed,
1028811,vocal-tagged-audio/11/1028811.low.mp3,213.333,72.771,30.0,20261008,artist_359034,genre---chillout; genre---funk; genre---hiphop; genre---jazz; genre---soul; instrument---bass; instrument---computer; instrument---drummachine; instrument---drums; instrument---electricguitar; instrument---electricpiano; instrument---guitar; instrument---horn; instrument---oboe; instrument---orchestra; instrument---piano; instrument---rhodes; instrument---saxophone; instrument---strings; instrument---synthesizer; instrument---trombone; instrument---trumpet; instrument---ukulele; instrument---violin; instrument---voice,clips/1028811.wav,stems/1028811.wav,results/game_vocal/1028811.json,results/game_mix/1028811.json,results/yourmt3/1028811.json,results/sheetsage2/1028811.instrumental.json,results/sheetsage2/1028811.vocal.json,results/yourmt3/parts/1028811.p000.0.json; results/yourmt3/parts/1028811.p024.1.json; results/yourmt3/parts/1028811.p033.2.json; results/yourmt3/parts/1028811.p048.3.json; results/yourmt3/parts/1028811.p056.4.json; results/yourmt3/parts/1028811.p065.5.json,0.098841,0.018954,23,17,808,70,0,Acoustic Piano:9; Bass:20; Brass:6; Drums:177; Guitar (clean):387; Singing Voice:44; Strings:165,unreviewed,
1132793,vocal-tagged-audio/93/1132793.low.mp3,184.344,99.397,30.0,20261008,artist_434945,genre---classical; instrument---orchestra; instrument---voice; mood/theme---film,clips/1132793.wav,stems/1132793.wav,results/game_vocal/1132793.json,results/game_mix/1132793.json,results/yourmt3/1132793.json,results/sheetsage2/1132793.instrumental.json,results/sheetsage2/1132793.vocal.json,results/yourmt3/parts/1132793.p000.0.json; results/yourmt3/parts/1132793.p048.1.json; results/yourmt3/parts/1132793.p056.2.json; results/yourmt3/parts/1132793.p064.3.json; results/yourmt3/parts/1132793.p072.4.json,0.085999,1e-06,0,6,101,27,0,Acoustic Piano:6; Brass:3; Pipe:3; Reed:3; Strings:86,unreviewed,quiet_vocal_stem
1065628,vocal-tagged-audio/28/1065628.low.mp3,112.973,14.859,30.0,20261008,artist_436349,genre---country; genre---rock; genre---rocknroll; genre---swing; instrument---bass; instrument---drums; instrument---electricguitar; instrument---voice,clips/1065628.wav,stems/1065628.wav,results/game_vocal/1065628.json,results/game_mix/1065628.json,results/yourmt3/1065628.json,results/sheetsage2/1065628.instrumental.json,results/sheetsage2/1065628.vocal.json,results/yourmt3/parts/1065628.p024.0.json; results/yourmt3/parts/1065628.p033.1.json; results/yourmt3/parts/1065628.p048.2.json; results/yourmt3/parts/1065628.p065.3.json,0.132291,9e-06,0,8,354,111,0,Bass:8; Drums:132; Guitar (clean):200; Singing Voice:10; Strings:4,unreviewed,quiet_vocal_stem
920440,vocal-tagged-audio/40/920440.low.mp3,302.371,149.65,30.0,20261008,artist_341393,genre---blues; instrument---bass; instrument---drums; instrument---electricguitar; instrument---pipeorgan; instrument---voice; mood/theme---emotional; mood/theme---energetic,clips/920440.wav,stems/920440.wav,results/game_vocal/920440.json,results/game_mix/920440.json,results/yourmt3/920440.json,results/sheetsage2/920440.instrumental.json,results/sheetsage2/920440.vocal.json,results/yourmt3/parts/920440.p000.0.json; results/yourmt3/parts/920440.p008.1.json; results/yourmt3/parts/920440.p030.2.json; results/yourmt3/parts/920440.p056.3.json; results/yourmt3/parts/920440.p065.5.json; results/yourmt3/parts/920440.p080.4.json,0.15728,0.102675,60,54,296,78,2,Acoustic Piano:8; Brass:5; Chromatic Percussion:49; Drums:104; Guitar (distortion):52; Singing Voice:76; Synth Lead:2,unreviewed,
893399,vocal-tagged-audio/99/893399.low.mp3,87.999,10.961,30.0,20261008,artist_356592,genre---classical; genre---orchestral; genre---soundtrack; instrument---bell; instrument---doublebass; instrument---piano; instrument---voice,clips/893399.wav,stems/893399.wav,results/game_vocal/893399.json,results/game_mix/893399.json,results/yourmt3/893399.json,results/sheetsage2/893399.instrumental.json,results/sheetsage2/893399.vocal.json,results/yourmt3/parts/893399.p000.0.json; results/yourmt3/parts/893399.p048.1.json; results/yourmt3/parts/893399.p065.2.json,0.077934,0.017581,20,27,164,30,0,Acoustic Piano:145; Singing Voice:10; Strings:9,unreviewed,
1113989,vocal-tagged-audio/89/1113989.low.mp3,180.977,59.663,30.0,20261008,artist_442477,genre---ambient; genre---classical; instrument---cello; instrument---drums; instrument---piano; instrument---strings; instrument---viola; instrument---violin; instrument---voice; mood/theme---melancholic; mood/theme---slow,clips/1113989.wav,stems/1113989.wav,results/game_vocal/1113989.json,results/game_mix/1113989.json,results/yourmt3/1113989.json,results/sheetsage2/1113989.instrumental.json,results/sheetsage2/1113989.vocal.json,results/yourmt3/parts/1113989.p000.0.json; results/yourmt3/parts/1113989.p002.1.json; results/yourmt3/parts/1113989.p024.2.json; results/yourmt3/parts/1113989.p048.3.json; results/yourmt3/parts/1113989.p056.4.json; results/yourmt3/parts/1113989.p065.6.json; results/yourmt3/parts/1113989.p088.5.json,0.069459,1e-06,0,9,220,24,0,Acoustic Piano:136; Brass:5; Electric Piano:3; Guitar (clean):41; Singing Voice:2; Strings:23; Synth Pad:10,unreviewed,quiet_vocal_stem
659892,vocal-tagged-audio/92/659892.low.mp3,130.5,31.611,30.0,20261008,artist_359034,genre---experimental; genre---hiphop; genre---triphop; instrument---bass; instrument---bongo; instrument---brass; instrument---cello; instrument---clarinet; instrument---computer; instrument---drummachine; instrument---drums; instrument---electricguitar; instrument---electricpiano; instrument---flute; instrument---harp; instrument---keyboard; instrument---piano; instrument---strings; instrument---synthesizer; instrument---trombone; instrument---trumpet; instrument---violin; instrument---voice; mood/theme---dark,clips/659892.wav,stems/659892.wav,results/game_vocal/659892.json,results/game_mix/659892.json,results/yourmt3/659892.json,results/sheetsage2/659892.instrumental.json,results/sheetsage2/659892.vocal.json,results/yourmt3/parts/659892.p024.0.json,0.142773,0.009774,2,4,55,30,0,Drums:44; Guitar (clean):11,unreviewed,
1004129,vocal-tagged-audio/29/1004129.low.mp3,39.595,4.214,30.0,20261008,artist_428380,genre---classical; genre---minimal; genre---soundtrack; instrument---voice; mood/theme---epic; mood/theme---film,clips/1004129.wav,stems/1004129.wav,results/game_vocal/1004129.json,results/game_mix/1004129.json,results/yourmt3/1004129.json,results/sheetsage2/1004129.instrumental.json,results/sheetsage2/1004129.vocal.json,results/yourmt3/parts/1004129.p065.0.json,0.142214,0.141878,14,20,20,0,28,Singing Voice:20,unreviewed,
1253254,vocal-tagged-audio/54/1253254.low.mp3,81.187,23.247,30.0,20261008,artist_423996,genre---ambient; genre---experimental; instrument---voice,clips/1253254.wav,stems/1253254.wav,results/game_vocal/1253254.json,results/game_mix/1253254.json,results/yourmt3/1253254.json,results/sheetsage2/1253254.instrumental.json,results/sheetsage2/1253254.vocal.json,,0.169271,8e-06,0,1,0,1,0,,unreviewed,quiet_vocal_stem
752115,vocal-tagged-audio/15/752115.low.mp3,218.462,58.187,30.0,20261008,artist_367711,genre---hardrock; genre---heavymetal; genre---metal; genre---rock; instrument---bass; instrument---classicalguitar; instrument---drums; instrument---electricguitar; instrument---voice,clips/752115.wav,stems/752115.wav,results/game_vocal/752115.json,results/game_mix/752115.json,results/yourmt3/752115.json,results/sheetsage2/752115.instrumental.json,results/sheetsage2/752115.vocal.json,results/yourmt3/parts/752115.p000.0.json; results/yourmt3/parts/752115.p016.1.json; results/yourmt3/parts/752115.p024.2.json; results/yourmt3/parts/752115.p030.3.json; results/yourmt3/parts/752115.p033.4.json; results/yourmt3/parts/752115.p048.5.json; results/yourmt3/parts/752115.p065.7.json; results/yourmt3/parts/752115.p080.6.json,0.191556,0.089103,101,56,936,5,112,Acoustic Piano:1; Bass:6; Drums:302; Guitar (clean):343; Guitar (distortion):144; Organ:13; Singing Voice:109; Strings:14; Synth Lead:4,unreviewed,
1168476,vocal-tagged-audio/76/1168476.low.mp3,457.604,138.938,30.0,20261008,artist_367887,genre---classicrock; genre---pop; instrument---piano; instrument---voice; mood/theme---christmas,clips/1168476.wav,stems/1168476.wav,results/game_vocal/1168476.json,results/game_mix/1168476.json,results/yourmt3/1168476.json,results/sheetsage2/1168476.instrumental.json,results/sheetsage2/1168476.vocal.json,results/yourmt3/parts/1168476.p000.0.json; results/yourmt3/parts/1168476.p002.1.json; results/yourmt3/parts/1168476.p024.2.json; results/yourmt3/parts/1168476.p033.3.json; results/yourmt3/parts/1168476.p048.4.json; results/yourmt3/parts/1168476.p065.6.json; results/yourmt3/parts/1168476.p088.5.json,0.060788,0.050865,35,27,288,0,28,Acoustic Piano:140; Bass:7; Drums:10; Electric Piano:9; Guitar (clean):15; Singing Voice:47; Strings:59; Synth Pad:1,unreviewed,
1102196,vocal-tagged-audio/96/1102196.low.mp3,180.5,26.506,30.0,20261008,artist_441770,genre---punkrock; genre---rock; instrument---bass; instrument---drums; instrument---electricguitar; instrument---voice; mood/theme---melodic,clips/1102196.wav,stems/1102196.wav,results/game_vocal/1102196.json,results/game_mix/1102196.json,results/yourmt3/1102196.json,results/sheetsage2/1102196.instrumental.json,results/sheetsage2/1102196.vocal.json,results/yourmt3/parts/1102196.p000.0.json; results/yourmt3/parts/1102196.p016.1.json; results/yourmt3/parts/1102196.p024.2.json; results/yourmt3/parts/1102196.p030.3.json; results/yourmt3/parts/1102196.p033.4.json; results/yourmt3/parts/1102196.p048.5.json; results/yourmt3/parts/1102196.p065.6.json,0.142733,0.067857,55,37,846,39,51,Acoustic Piano:28; Bass:33; Drums:299; Guitar (clean):109; Guitar (distortion):209; Organ:25; Singing Voice:52; Strings:91,unreviewed,
1105061,vocal-tagged-audio/61/1105061.low.mp3,211.302,93.924,30.0,20261008,artist_341393,genre---pop; genre---rock; instrument---electricguitar; instrument---voice; mood/theme---emotional; mood/theme---uplifting,clips/1105061.wav,stems/1105061.wav,results/game_vocal/1105061.json,results/game_mix/1105061.json,results/yourmt3/1105061.json,results/sheetsage2/1105061.instrumental.json,results/sheetsage2/1105061.vocal.json,results/yourmt3/parts/1105061.p000.0.json; results/yourmt3/parts/1105061.p002.1.json; results/yourmt3/parts/1105061.p016.2.json; results/yourmt3/parts/1105061.p024.3.json; results/yourmt3/parts/1105061.p030.4.json; results/yourmt3/parts/1105061.p033.5.json; results/yourmt3/parts/1105061.p048.6.json; results/yourmt3/parts/1105061.p056.7.json; results/yourmt3/parts/1105061.p064.8.json; results/yourmt3/parts/1105061.p065.9.json,0.123719,0.055297,25,10,767,45,22,Acoustic Piano:157; Bass:62; Brass:8; Drums:277; Electric Piano:5; Guitar (clean):17; Guitar (distortion):198; Organ:5; Reed:2; Singing Voice:34; Strings:2,unreviewed,
243802,vocal-tagged-audio/02/243802.low.mp3,123.083,44.916,30.0,20261008,artist_337058,genre---classical; instrument---voice,clips/243802.wav,stems/243802.wav,results/game_vocal/243802.json,results/game_mix/243802.json,results/yourmt3/243802.json,results/sheetsage2/243802.instrumental.json,results/sheetsage2/243802.vocal.json,results/yourmt3/parts/243802.p048.0.json,0.023186,0.000721,0,13,191,77,0,Strings:191,unreviewed,quiet_vocal_stem
1082753,vocal-tagged-audio/53/1082753.low.mp3,187.584,46.777,30.0,20261008,artist_427777,genre---experimental; genre---popfolk; instrument---drummachine; instrument---electricguitar; instrument---voice; mood/theme---love,clips/1082753.wav,stems/1082753.wav,results/game_vocal/1082753.json,results/game_mix/1082753.json,results/yourmt3/1082753.json,results/sheetsage2/1082753.instrumental.json,results/sheetsage2/1082753.vocal.json,results/yourmt3/parts/1082753.p024.0.json; results/yourmt3/parts/1082753.p030.1.json; results/yourmt3/parts/1082753.p065.2.json,0.116699,0.070338,51,50,514,19,46,Drums:202; Guitar (clean):210; Guitar (distortion):10; Singing Voice:92,unreviewed,
1131449,vocal-tagged-audio/49/1131449.low.mp3,228.019,118.951,30.0,20261008,artist_444350,genre---newage; genre---soundtrack; genre---worldfusion; instrument---bass; instrument---guitar; instrument---saxophone; instrument---synthesizer; instrument---voice; mood/theme---energetic,clips/1131449.wav,stems/1131449.wav,results/game_vocal/1131449.json,results/game_mix/1131449.json,results/yourmt3/1131449.json,results/sheetsage2/1131449.instrumental.json,results/sheetsage2/1131449.vocal.json,results/yourmt3/parts/1131449.p000.0.json; results/yourmt3/parts/1131449.p002.1.json; results/yourmt3/parts/1131449.p024.2.json; results/yourmt3/parts/1131449.p030.3.json; results/yourmt3/parts/1131449.p033.4.json; results/yourmt3/parts/1131449.p048.5.json; results/yourmt3/parts/1131449.p064.6.json; results/yourmt3/parts/1131449.p065.7.json,0.124511,1.1e-05,0,43,697,88,0,Acoustic Piano:46; Bass:52; Drums:254; Electric Piano:86; Guitar (clean):83; Guitar (distortion):13; Reed:32; Singing Voice:15; Strings:116,unreviewed,quiet_vocal_stem
632929,vocal-tagged-audio/29/632929.low.mp3,274.138,133.22,30.0,20261008,artist_337114,genre---electronic; genre---experimental; instrument---guitar; instrument---voice,clips/632929.wav,stems/632929.wav,results/game_vocal/632929.json,results/game_mix/632929.json,results/yourmt3/632929.json,results/sheetsage2/632929.instrumental.json,results/sheetsage2/632929.vocal.json,results/yourmt3/parts/632929.p016.0.json; results/yourmt3/parts/632929.p024.1.json; results/yourmt3/parts/632929.p030.2.json; results/yourmt3/parts/632929.p033.3.json; results/yourmt3/parts/632929.p048.4.json; results/yourmt3/parts/632929.p056.5.json; results/yourmt3/parts/632929.p065.6.json,0.119668,0.060718,9,1,1048,23,0,Bass:6; Brass:6; Drums:66; Guitar (clean):755; Guitar (distortion):6; Organ:17; Singing Voice:92; Strings:100,unreviewed,
1098831,vocal-tagged-audio/31/1098831.low.mp3,157.664,30.005,30.0,20261008,artist_437812,genre---folk; genre---rock; instrument---acousticguitar; instrument---bass; instrument---drums; instrument---electricguitar; instrument---voice; mood/theme---love,clips/1098831.wav,stems/1098831.wav,results/game_vocal/1098831.json,results/game_mix/1098831.json,results/yourmt3/1098831.json,results/sheetsage2/1098831.instrumental.json,results/sheetsage2/1098831.vocal.json,results/yourmt3/parts/1098831.p000.0.json; results/yourmt3/parts/1098831.p024.1.json; results/yourmt3/parts/1098831.p030.2.json; results/yourmt3/parts/1098831.p048.3.json; results/yourmt3/parts/1098831.p065.4.json,0.227239,0.136938,47,35,746,6,50,Acoustic Piano:142; Drums:250; Guitar (clean):150; Guitar (distortion):24; Singing Voice:49; Strings:131,unreviewed,
1025838,vocal-tagged-audio/38/1025838.low.mp3,189.467,45.654,30.0,20261008,artist_432933,genre---dance; genre---disco; genre---house; genre---pop; genre---rock; instrument---drummachine; instrument---keyboard; instrument---synthesizer; instrument---voice,clips/1025838.wav,stems/1025838.wav,results/game_vocal/1025838.json,results/game_mix/1025838.json,results/yourmt3/1025838.json,results/sheetsage2/1025838.instrumental.json,results/sheetsage2/1025838.vocal.json,results/yourmt3/parts/1025838.p000.0.json; results/yourmt3/parts/1025838.p016.1.json; results/yourmt3/parts/1025838.p024.2.json; results/yourmt3/parts/1025838.p033.3.json; results/yourmt3/parts/1025838.p048.4.json; results/yourmt3/parts/1025838.p065.6.json; results/yourmt3/parts/1025838.p080.5.json,0.16645,0.109306,64,57,525,0,65,Acoustic Piano:59; Bass:8; Drums:149; Guitar (clean):137; Organ:11; Singing Voice:82; Strings:48; Synth Lead:31,unreviewed,
