track_id,source_path,source_duration_sec,clip_start_sec,clip_duration_sec,seed
205089,vocal-tagged-audio/89/205089.low.mp3,46.341,5.616,30.0,20261009
356426,vocal-tagged-audio/26/356426.low.mp3,170.187,54.157,30.0,20261009
207461,vocal-tagged-audio/61/207461.low.mp3,194.307,77.364,30.0,20261009
1114718,vocal-tagged-audio/18/1114718.low.mp3,367.385,218.476,30.0,20261009
790445,vocal-tagged-audio/45/790445.low.mp3,196.023,97.453,30.0,20261009
1130010,vocal-tagged-audio/10/1130010.low.mp3,268.852,91.559,30.0,20261009
1210925,vocal-tagged-audio/25/1210925.low.mp3,672.428,161.115,30.0,20261009
1096789,vocal-tagged-audio/89/1096789.low.mp3,210.0,65.794,30.0,20261009
951886,vocal-tagged-audio/86/951886.low.mp3,124.63,41.352,30.0,20261009
1072574,vocal-tagged-audio/74/1072574.low.mp3,1015.027,565.322,30.0,20261009
1060331,vocal-tagged-audio/31/1060331.low.mp3,185.787,87.197,30.0,20261009
1056812,vocal-tagged-audio/12/1056812.low.mp3,332.046,158.346,30.0,20261009
215561,vocal-tagged-audio/61/215561.low.mp3,202.736,99.975,30.0,20261009
79690,vocal-tagged-audio/90/79690.low.mp3,197.28,63.793,30.0,20261009
1159089,vocal-tagged-audio/89/1159089.low.mp3,265.664,75.689,30.0,20261009
547734,vocal-tagged-audio/34/547734.low.mp3,209.502,70.738,30.0,20261009
1032335,vocal-tagged-audio/35/1032335.low.mp3,240.452,118.133,30.0,20261009
985546,vocal-tagged-audio/46/985546.low.mp3,154.567,65.088,30.0,20261009
1284340,vocal-tagged-audio/40/1284340.low.mp3,223.76,116.221,30.0,20261009
1098674,vocal-tagged-audio/74/1098674.low.mp3,70.118,16.932,30.0,20261009
