track_id,source_path,source_duration_sec,clip_start_sec,clip_duration_sec,seed,artist_id,tags,clip_wav,vocal_wav,game_vocal_json,combined_json,game_mix_json,yourmt3_json,sheetsage2_instrumental_json,sheetsage2_vocal_json,yourmt3_part_jsons,mix_rms,stem_rms,game_vocal_notes,combined_notes,combined_vocal_notes,combined_instrumental_notes,game_mix_notes,yourmt3_notes,sheetsage2_instrumental_notes,sheetsage2_vocal_notes,yourmt3_instruments,review_status,review_hint
628407,vocal-tagged-audio/07/628407.low.mp3,316.92,79.971,30.0,2027532534,artist_362118,genre---easylistening; genre---pop; instrument---classicalguitar; instrument---piano; instrument---voice; mood/theme---emotional,clips/628407.wav,stems/628407.wav,results/game_vocal/628407.json,results/combined/628407.json,results/game_mix/628407.json,results/yourmt3/628407.json,results/sheetsage2/628407.instrumental.json,results/sheetsage2/628407.vocal.json,results/yourmt3/parts/628407.p000.0.json; results/yourmt3/parts/628407.p002.1.json; results/yourmt3/parts/628407.p024.2.json; results/yourmt3/parts/628407.p033.3.json; results/yourmt3/parts/628407.p065.4.json,0.034198,0.021959,40,40,40,0,30,131,0,36,Acoustic Piano:25; Bass:4; Drums:23; Electric Piano:5; Guitar (clean):47; Singing Voice:27,unreviewed,
1032157,vocal-tagged-audio/57/1032157.low.mp3,172.8,44.024,30.0,2027532534,artist_421279,genre---blues; genre---rock; instrument---bass; instrument---electricguitar; instrument---horn; instrument---voice; mood/theme---retro,clips/1032157.wav,stems/1032157.wav,results/game_vocal/1032157.json,results/combined/1032157.json,results/game_mix/1032157.json,results/yourmt3/1032157.json,results/sheetsage2/1032157.instrumental.json,results/sheetsage2/1032157.vocal.json,results/yourmt3/parts/1032157.p000.0.json; results/yourmt3/parts/1032157.p002.1.json; results/yourmt3/parts/1032157.p024.2.json; results/yourmt3/parts/1032157.p030.3.json; results/yourmt3/parts/1032157.p033.4.json; results/yourmt3/parts/1032157.p048.5.json; results/yourmt3/parts/1032157.p056.6.json; results/yourmt3/parts/1032157.p065.7.json,0.21414,0.140549,85,106,83,23,48,752,31,77,Acoustic Piano:15; Bass:48; Brass:11; Drums:266; Electric Piano:17; Guitar (clean):166; Guitar (distortion):12; Singing Voice:88; Strings:129,unreviewed,
1056823,vocal-tagged-audio/23/1056823.low.mp3,306.987,141.37,30.0,2027532534,artist_339923,genre---alternative; genre---gothic; genre---indie; genre---postrock; genre---rock; instrument---bass; instrument---drums; instrument---electricguitar; instrument---sampler; instrument---synthesizer; instrument---voice,clips/1056823.wav,stems/1056823.wav,results/game_vocal/1056823.json,results/combined/1056823.json,results/game_mix/1056823.json,results/yourmt3/1056823.json,results/sheetsage2/1056823.instrumental.json,results/sheetsage2/1056823.vocal.json,results/yourmt3/parts/1056823.p000.0.json; results/yourmt3/parts/1056823.p016.1.json; results/yourmt3/parts/1056823.p024.2.json; results/yourmt3/parts/1056823.p033.3.json; results/yourmt3/parts/1056823.p048.4.json; results/yourmt3/parts/1056823.p065.5.json,0.226494,0.105445,18,70,18,52,18,555,59,18,Acoustic Piano:68; Bass:32; Drums:186; Guitar (clean):158; Organ:12; Singing Voice:26; Strings:73,unreviewed,
482393,vocal-tagged-audio/93/482393.low.mp3,241.22,129.851,30.0,2027532534,artist_341740,genre---alternative; genre---blues; genre---bluesrock; genre---indie; genre---lounge; genre---pop; instrument---bass; instrument---drums; instrument---electricguitar; instrument---guitar; instrument---piano; instrument---voice,clips/482393.wav,stems/482393.wav,results/game_vocal/482393.json,results/combined/482393.json,results/game_mix/482393.json,results/yourmt3/482393.json,results/sheetsage2/482393.instrumental.json,results/sheetsage2/482393.vocal.json,results/yourmt3/parts/482393.p000.0.json; results/yourmt3/parts/482393.p002.1.json; results/yourmt3/parts/482393.p024.2.json; results/yourmt3/parts/482393.p033.3.json; results/yourmt3/parts/482393.p056.4.json; results/yourmt3/parts/482393.p065.6.json; results/yourmt3/parts/482393.p080.5.json,0.197205,0.003567,1,72,1,71,22,202,71,0,Acoustic Piano:8; Bass:7; Brass:59; Drums:75; Electric Piano:9; Guitar (clean):41; Singing Voice:1; Synth Lead:2,unreviewed,
1309358,vocal-tagged-audio/58/1309358.low.mp3,433.707,137.802,30.0,2027532534,artist_486593,genre---improvisation; genre---jazz; genre---jazzfusion; instrument---voice,clips/1309358.wav,stems/1309358.wav,results/game_vocal/1309358.json,results/combined/1309358.json,results/game_mix/1309358.json,results/yourmt3/1309358.json,results/sheetsage2/1309358.instrumental.json,results/sheetsage2/1309358.vocal.json,results/yourmt3/parts/1309358.p000.0.json; results/yourmt3/parts/1309358.p033.1.json; results/yourmt3/parts/1309358.p048.2.json; results/yourmt3/parts/1309358.p056.3.json; results/yourmt3/parts/1309358.p065.4.json,0.064922,0.000251,0,94,0,94,54,346,94,0,Acoustic Piano:94; Bass:3; Brass:91; Drums:138; Singing Voice:19; Strings:1,unreviewed,quiet_vocal_stem
1036476,vocal-tagged-audio/76/1036476.low.mp3,211.08,31.96,30.0,2027532534,artist_350867,genre---metal; instrument---bass; instrument---drums; instrument---electricguitar; instrument---voice,clips/1036476.wav,stems/1036476.wav,results/game_vocal/1036476.json,results/combined/1036476.json,results/game_mix/1036476.json,results/yourmt3/1036476.json,results/sheetsage2/1036476.instrumental.json,results/sheetsage2/1036476.vocal.json,results/yourmt3/parts/1036476.p033.0.json; results/yourmt3/parts/1036476.p048.1.json; results/yourmt3/parts/1036476.p065.3.json; results/yourmt3/parts/1036476.p080.2.json,0.21877,0.130741,41,41,41,0,34,603,0,39,Bass:23; Drums:400; Singing Voice:35; Strings:135; Synth Lead:10,unreviewed,
1162018,vocal-tagged-audio/18/1162018.low.mp3,229.834,111.947,30.0,2027532534,artist_004777,genre---alternative; genre---indie; genre---pop; genre---rock; instrument---bass; instrument---drums; instrument---electricguitar; instrument---synthesizer; instrument---voice; mood/theme---holiday,clips/1162018.wav,stems/1162018.wav,results/game_vocal/1162018.json,results/combined/1162018.json,results/game_mix/1162018.json,results/yourmt3/1162018.json,results/sheetsage2/1162018.instrumental.json,results/sheetsage2/1162018.vocal.json,results/yourmt3/parts/1162018.p000.0.json; results/yourmt3/parts/1162018.p024.1.json; results/yourmt3/parts/1162018.p030.2.json; results/yourmt3/parts/1162018.p033.3.json; results/yourmt3/parts/1162018.p048.4.json; results/yourmt3/parts/1162018.p065.5.json,0.192885,0.090432,65,75,65,10,59,607,15,60,Acoustic Piano:69; Bass:11; Drums:254; Guitar (clean):22; Guitar (distortion):126; Singing Voice:81; Strings:44,unreviewed,
1032331,vocal-tagged-audio/31/1032331.low.mp3,208.152,60.932,30.0,2027532534,artist_002485,genre---alternative; genre---hardrock; genre---punkrock; genre---rock; instrument---bass; instrument---drums; instrument---electricguitar; instrument---voice,clips/1032331.wav,stems/1032331.wav,results/game_vocal/1032331.json,results/combined/1032331.json,results/game_mix/1032331.json,results/yourmt3/1032331.json,results/sheetsage2/1032331.instrumental.json,results/sheetsage2/1032331.vocal.json,results/yourmt3/parts/1032331.p000.0.json; results/yourmt3/parts/1032331.p024.1.json; results/yourmt3/parts/1032331.p030.2.json; results/yourmt3/parts/1032331.p033.3.json; results/yourmt3/parts/1032331.p048.4.json; results/yourmt3/parts/1032331.p065.5.json,0.183834,0.107656,71,69,69,0,48,701,0,68,Acoustic Piano:11; Bass:53; Drums:208; Guitar (clean):227; Guitar (distortion):116; Singing Voice:71; Strings:15,unreviewed,
212204,vocal-tagged-audio/04/212204.low.mp3,148.56,48.729,30.0,2027532534,artist_341542,genre---alternative; genre---indie; genre---pop; instrument---bass; instrument---electricguitar; instrument---piano; instrument---pipeorgan; instrument---voice,clips/212204.wav,stems/212204.wav,results/game_vocal/212204.json,results/combined/212204.json,results/game_mix/212204.json,results/yourmt3/212204.json,results/sheetsage2/212204.instrumental.json,results/sheetsage2/212204.vocal.json,results/yourmt3/parts/212204.p000.0.json; results/yourmt3/parts/212204.p016.1.json; results/yourmt3/parts/212204.p024.2.json; results/yourmt3/parts/212204.p030.3.json; results/yourmt3/parts/212204.p033.4.json; results/yourmt3/parts/212204.p048.5.json; results/yourmt3/parts/212204.p056.6.json; results/yourmt3/parts/212204.p065.7.json,0.133181,0.081607,76,74,74,0,48,886,0,76,Acoustic Piano:101; Bass:16; Brass:5; Drums:281; Guitar (clean):130; Guitar (distortion):154; Organ:6; Singing Voice:85; Strings:108,unreviewed,
1051175,vocal-tagged-audio/75/1051175.low.mp3,259.187,95.171,30.0,2027532534,artist_435792,genre---country; genre---folk; genre---rock; instrument---bass; instrument---drums; instrument---electricguitar; instrument---synthesizer; instrument---voice,clips/1051175.wav,stems/1051175.wav,results/game_vocal/1051175.json,results/combined/1051175.json,results/game_mix/1051175.json,results/yourmt3/1051175.json,results/sheetsage2/1051175.instrumental.json,results/sheetsage2/1051175.vocal.json,results/yourmt3/parts/1051175.p000.0.json; results/yourmt3/parts/1051175.p002.1.json; results/yourmt3/parts/1051175.p024.2.json; results/yourmt3/parts/1051175.p033.3.json; results/yourmt3/parts/1051175.p065.4.json,0.100839,0.049052,44,69,44,25,30,1211,27,39,Acoustic Piano:281; Bass:86; Drums:176; Electric Piano:234; Guitar (clean):384; Singing Voice:50,unreviewed,
1039755,vocal-tagged-audio/55/1039755.low.mp3,213.982,98.746,30.0,2027532534,artist_370789,genre---soundtrack; instrument---drums; instrument---horn; instrument---voice; mood/theme---fun,clips/1039755.wav,stems/1039755.wav,results/game_vocal/1039755.json,results/combined/1039755.json,results/game_mix/1039755.json,results/yourmt3/1039755.json,results/sheetsage2/1039755.instrumental.json,results/sheetsage2/1039755.vocal.json,results/yourmt3/parts/1039755.p048.0.json; results/yourmt3/parts/1039755.p065.2.json; results/yourmt3/parts/1039755.p080.1.json,0.067893,0.004127,1,68,1,67,19,404,68,0,Drums:152; Singing Voice:5; Strings:238; Synth Lead:9,unreviewed,
1386822,vocal-tagged-audio/22/1386822.low.mp3,522.71,126.222,30.0,2027532534,artist_494210,genre---techno; instrument---bass; instrument---voice,clips/1386822.wav,stems/1386822.wav,results/game_vocal/1386822.json,results/combined/1386822.json,results/game_mix/1386822.json,results/yourmt3/1386822.json,results/sheetsage2/1386822.instrumental.json,results/sheetsage2/1386822.vocal.json,results/yourmt3/parts/1386822.p080.0.json,0.162425,9e-06,0,93,0,93,78,275,93,0,Drums:215; Synth Lead:60,unreviewed,quiet_vocal_stem
1405032,vocal-tagged-audio/32/1405032.low.mp3,250.743,86.438,30.0,2027532534,artist_426809,genre---folk; genre---pop; genre---rock; instrument---drums; instrument---guitar; instrument---voice,clips/1405032.wav,stems/1405032.wav,results/game_vocal/1405032.json,results/combined/1405032.json,results/game_mix/1405032.json,results/yourmt3/1405032.json,results/sheetsage2/1405032.instrumental.json,results/sheetsage2/1405032.vocal.json,results/yourmt3/parts/1405032.p000.0.json; results/yourmt3/parts/1405032.p002.1.json; results/yourmt3/parts/1405032.p024.2.json; results/yourmt3/parts/1405032.p030.3.json; results/yourmt3/parts/1405032.p033.4.json; results/yourmt3/parts/1405032.p065.5.json,0.100313,0.053302,98,96,96,0,57,887,0,75,Acoustic Piano:25; Bass:13; Drums:210; Electric Piano:23; Guitar (clean):518; Guitar (distortion):16; Singing Voice:82,unreviewed,
1295379,vocal-tagged-audio/79/1295379.low.mp3,152.323,43.236,30.0,2027532534,artist_423996,genre---darkambient; genre---experimental; genre---tribal; instrument---voice,clips/1295379.wav,stems/1295379.wav,results/game_vocal/1295379.json,results/combined/1295379.json,results/game_mix/1295379.json,results/yourmt3/1295379.json,results/sheetsage2/1295379.instrumental.json,results/sheetsage2/1295379.vocal.json,results/yourmt3/parts/1295379.p080.0.json,0.097065,0.091471,17,17,17,0,15,2,1,0,Synth Lead:2,unreviewed,
1087887,vocal-tagged-audio/87/1087887.low.mp3,310.851,176.849,30.0,2027532534,artist_405009,genre---alternative; genre---progressive; genre---rock; instrument---bass; instrument---drums; instrument---electricguitar; instrument---synthesizer; instrument---voice; mood/theme---dark; mood/theme---heavy,clips/1087887.wav,stems/1087887.wav,results/game_vocal/1087887.json,results/combined/1087887.json,results/game_mix/1087887.json,results/yourmt3/1087887.json,results/sheetsage2/1087887.instrumental.json,results/sheetsage2/1087887.vocal.json,results/yourmt3/parts/1087887.p000.0.json; results/yourmt3/parts/1087887.p002.1.json; results/yourmt3/parts/1087887.p024.2.json; results/yourmt3/parts/1087887.p030.3.json; results/yourmt3/parts/1087887.p033.4.json; results/yourmt3/parts/1087887.p048.5.json; results/yourmt3/parts/1087887.p064.6.json; results/yourmt3/parts/1087887.p065.9.json; results/yourmt3/parts/1087887.p072.7.json; results/yourmt3/parts/1087887.p088.8.json,0.175772,0.068295,27,41,27,14,21,787,14,26,Acoustic Piano:134; Bass:6; Drums:249; Electric Piano:5; Guitar (clean):252; Guitar (distortion):11; Pipe:9; Reed:1; Singing Voice:34; Strings:84; Synth Pad:2,unreviewed,
891993,vocal-tagged-audio/93/891993.low.mp3,266.667,43.188,30.0,2027532534,artist_352350,genre---pop; genre---rnb; instrument---drums; instrument---electricguitar; instrument---synthesizer; instrument---voice; mood/theme---groovy,clips/891993.wav,stems/891993.wav,results/game_vocal/891993.json,results/combined/891993.json,results/game_mix/891993.json,results/yourmt3/891993.json,results/sheetsage2/891993.instrumental.json,results/sheetsage2/891993.vocal.json,results/yourmt3/parts/891993.p000.0.json; results/yourmt3/parts/891993.p002.1.json; results/yourmt3/parts/891993.p016.2.json; results/yourmt3/parts/891993.p024.3.json; results/yourmt3/parts/891993.p030.4.json; results/yourmt3/parts/891993.p065.5.json,0.106093,0.06715,86,94,85,9,55,269,48,0,Acoustic Piano:2; Drums:11; Electric Piano:25; Guitar (clean):115; Guitar (distortion):23; Organ:6; Singing Voice:87,unreviewed,
1066558,vocal-tagged-audio/58/1066558.low.mp3,127.145,53.728,30.0,2027532534,artist_437980,genre---pop; instrument---drums; instrument---voice; mood/theme---advertising; mood/theme---happy; mood/theme---positive; mood/theme---uplifting,clips/1066558.wav,stems/1066558.wav,results/game_vocal/1066558.json,results/combined/1066558.json,results/game_mix/1066558.json,results/yourmt3/1066558.json,results/sheetsage2/1066558.instrumental.json,results/sheetsage2/1066558.vocal.json,results/yourmt3/parts/1066558.p008.0.json; results/yourmt3/parts/1066558.p033.1.json; results/yourmt3/parts/1066558.p048.2.json; results/yourmt3/parts/1066558.p065.3.json,0.140532,0.041772,30,84,30,54,13,498,106,0,Bass:56; Chromatic Percussion:123; Drums:261; Singing Voice:24; Strings:34,unreviewed,
865774,vocal-tagged-audio/74/865774.low.mp3,467.251,116.86,30.0,2027532534,artist_371118,genre---alternative; genre---contemporary; genre---folk; instrument---acousticguitar; instrument---computer; instrument---voice,clips/865774.wav,stems/865774.wav,results/game_vocal/865774.json,results/combined/865774.json,results/game_mix/865774.json,results/yourmt3/865774.json,results/sheetsage2/865774.instrumental.json,results/sheetsage2/865774.vocal.json,results/yourmt3/parts/865774.p008.0.json; results/yourmt3/parts/865774.p024.1.json; results/yourmt3/parts/865774.p033.2.json; results/yourmt3/parts/865774.p065.3.json,0.12017,0.001596,1,105,1,104,8,428,104,0,Bass:14; Chromatic Percussion:18; Drums:3; Guitar (clean):389; Singing Voice:4,unreviewed,
717715,vocal-tagged-audio/15/717715.low.mp3,340.111,86.54,30.0,2027532534,artist_356131,genre---dance; genre---electropop; genre---pop; instrument---guitar; instrument---piano; instrument---voice,clips/717715.wav,stems/717715.wav,results/game_vocal/717715.json,results/combined/717715.json,results/game_mix/717715.json,results/yourmt3/717715.json,results/sheetsage2/717715.instrumental.json,results/sheetsage2/717715.vocal.json,results/yourmt3/parts/717715.p000.0.json; results/yourmt3/parts/717715.p002.1.json; results/yourmt3/parts/717715.p024.2.json; results/yourmt3/parts/717715.p030.3.json; results/yourmt3/parts/717715.p065.5.json; results/yourmt3/parts/717715.p080.4.json,0.123972,0.038537,43,92,43,49,27,437,50,43,Acoustic Piano:57; Drums:209; Electric Piano:6; Guitar (clean):8; Guitar (distortion):24; Singing Voice:41; Synth Lead:92,unreviewed,
821811,vocal-tagged-audio/11/821811.low.mp3,249.813,104.747,30.0,2027532534,artist_370921,genre---alternative; genre---poprock; genre---rock; instrument---bass; instrument---drums; instrument---electricguitar; instrument---synthesizer; instrument---voice,clips/821811.wav,stems/821811.wav,results/game_vocal/821811.json,results/combined/821811.json,results/game_mix/821811.json,results/yourmt3/821811.json,results/sheetsage2/821811.instrumental.json,results/sheetsage2/821811.vocal.json,results/yourmt3/parts/821811.p000.0.json; results/yourmt3/parts/821811.p024.1.json; results/yourmt3/parts/821811.p033.2.json; results/yourmt3/parts/821811.p048.3.json; results/yourmt3/parts/821811.p065.5.json; results/yourmt3/parts/821811.p080.4.json,0.163238,0.09564,59,66,59,7,46,669,7,57,Acoustic Piano:71; Bass:13; Drums:351; Guitar (clean):96; Singing Voice:64; Strings:73; Synth Lead:1,unreviewed,
